{"cameraMode":{"drawMode":0,"name":"Shaded","section":"Shading Mode"},"sceneLighting":false,"audioPlay":false,"sceneViewState":{"m_AlwaysRefresh":false,"showFog":true,"showSkybox":false,"showFlares":true,"showImageEffects":true,"showParticleSystems":true,"showVisualEffectGraphs":true,"m_FxEnabled":true},"in2DMode":false,"pivot":{"x":0.13069352507591248,"y":2.707585334777832,"z":0.006357245147228241},"rotation":{"x":-0.29577144980430605,"y":-0.019779829308390619,"z":0.0061616902239620689,"w":-0.9551019668579102},"size":2.714230537414551,"orthographic":false}