{"cameraMode":{"drawMode":0,"name":"Shaded","section":"Shading Mode"},"sceneLighting":false,"audioPlay":false,"sceneViewState":{"m_AlwaysRefresh":false,"showFog":true,"showSkybox":false,"showFlares":true,"showImageEffects":true,"showParticleSystems":true,"showVisualEffectGraphs":true,"m_FxEnabled":true},"in2DMode":false,"pivot":{"x":-0.08237910270690918,"y":-0.08230647444725037,"z":0.222764790058136},"rotation":{"x":0.012301585637032986,"y":-0.038676295429468158,"z":0.0004671878123190254,"w":0.99921715259552},"size":0.7193790674209595,"orthographic":false}