{"cameraMode":{"drawMode":0,"name":"Shaded","section":"Shading Mode"},"sceneLighting":false,"audioPlay":false,"sceneViewState":{"m_AlwaysRefresh":false,"showFog":true,"showSkybox":false,"showFlares":true,"showImageEffects":true,"showParticleSystems":true,"showVisualEffectGraphs":true,"m_FxEnabled":true},"in2DMode":false,"pivot":{"x":-0.016077518463134767,"y":0.6668092012405396,"z":0.00793302059173584},"rotation":{"x":-0.225877046585083,"y":-0.7327973246574402,"z":0.2887096405029297,"w":-0.5733115673065186},"size":1.5850638151168824,"orthographic":false}