{"cameraMode":{"drawMode":0,"name":"Shaded","section":"Shading Mode"},"sceneLighting":false,"audioPlay":false,"sceneViewState":{"m_AlwaysRefresh":false,"showFog":true,"showSkybox":false,"showFlares":true,"showImageEffects":true,"showParticleSystems":true,"showVisualEffectGraphs":true,"m_FxEnabled":true},"in2DMode":false,"pivot":{"x":-0.3349471986293793,"y":1.2277554273605347,"z":2.9292564392089845},"rotation":{"x":-0.010510518215596676,"y":0.9849920868873596,"z":-0.15977607667446137,"w":-0.06480690836906433},"size":0.8660283088684082,"orthographic":false}