{"cameraMode":{"drawMode":0,"name":"Shaded","section":"Shading Mode"},"sceneLighting":false,"audioPlay":false,"sceneViewState":{"m_AlwaysRefresh":false,"showFog":true,"showSkybox":false,"showFlares":true,"showImageEffects":true,"showParticleSystems":true,"showVisualEffectGraphs":true,"m_FxEnabled":true},"in2DMode":false,"pivot":{"x":0.7409452795982361,"y":1.7408928871154786,"z":1.9550070762634278},"rotation":{"x":0.00865443516522646,"y":-0.9587267637252808,"z":0.28276878595352175,"w":0.02935403771698475},"size":0.9446159601211548,"orthographic":false}