{"cameraMode":{"drawMode":0,"name":"Shaded","section":"Shading Mode"},"sceneLighting":false,"audioPlay":false,"sceneViewState":{"m_AlwaysRefresh":false,"showFog":true,"showSkybox":false,"showFlares":true,"showImageEffects":true,"showParticleSystems":true,"showVisualEffectGraphs":true,"m_FxEnabled":true},"in2DMode":false,"pivot":{"x":-11.607146263122559,"y":-2.4649887084960939,"z":56.472068786621097},"rotation":{"x":-0.34961071610450747,"y":0.02978724054992199,"z":-0.01107746735215187,"w":-0.9364497661590576},"size":52.294334411621097,"orthographic":false}