{"cameraMode":{"drawMode":0,"name":"Shaded","section":"Shading Mode"},"sceneLighting":false,"audioPlay":false,"sceneViewState":{"m_AlwaysRefresh":false,"showFog":true,"showSkybox":false,"showFlares":true,"showImageEffects":true,"showParticleSystems":true,"showVisualEffectGraphs":true,"m_FxEnabled":true},"in2DMode":false,"pivot":{"x":-0.2528974711894989,"y":0.574193000793457,"z":-1.6782073974609376},"rotation":{"x":0.0975758358836174,"y":0.04060526192188263,"z":-0.004015408921986818,"w":0.9944338798522949},"size":0.06798511743545532,"orthographic":false}